section,key,count
total,scenarios,420
cartridge,chemical_batch_reactor,60
cartridge,consumer_mixing_line,60
cartridge,cstr_101,60
cartridge,distillation_column,60
cartridge,oil_gas_refinery,60
cartridge,pharma_bioreactor,60
cartridge,power_generation,60
fault_family,chemical_batch_reactor/agitator_failure_exotherm,10
fault_family,chemical_batch_reactor/jacket_cooling_loss,10
fault_family,chemical_batch_reactor/low_level_transfer_sensor_fault,10
fault_family,chemical_batch_reactor/pressure_rise_gas_evolution,10
fault_family,chemical_batch_reactor/thermal_runaway_quench_ambiguity,10
fault_family,chemical_batch_reactor/wrong_reagent_barcode,10
fault_family,consumer_mixing_line/allergen_cross_contamination,10
fault_family,consumer_mixing_line/flammable_solvent_temperature_high,10
fault_family,consumer_mixing_line/mixer_motor_high_current,10
fault_family,consumer_mixing_line/ph_adjustment_sensor_ambiguity,10
fault_family,consumer_mixing_line/viscosity_high_raw_material_ambiguity,10
fault_family,consumer_mixing_line/wrong_ingredient_barcode,10
fault_family,cstr_101/cooling_valve_oscillation,10
fault_family,cstr_101/feed_composition_exotherm,10
fault_family,cstr_101/low_coolant_temperature_shock,10
fault_family,cstr_101/overpressure_relief_path_ambiguity,10
fault_family,cstr_101/temperature_sensor_drift_vs_real_rise,10
fault_family,cstr_101/thermal_excursion_sensor_ambiguity,10
fault_family,distillation_column/composition_analyzer_fault,10
fault_family,distillation_column/pressure_high_condenser_constraint,10
fault_family,distillation_column/purity_low_vs_flooding,10
fault_family,distillation_column/reboiler_steam_loss_bottoms_spec,10
fault_family,distillation_column/reflux_drum_level_sensor_ambiguity,10
fault_family,distillation_column/reflux_pump_failure_purity_loss,10
fault_family,oil_gas_refinery/cdu_column_flooding,10
fault_family,oil_gas_refinery/cdu_column_pressure_high,10
fault_family,oil_gas_refinery/fired_heater_tube_skin_high,10
fault_family,oil_gas_refinery/flare_knockout_level_high,10
fault_family,oil_gas_refinery/pump_cavitation_low_flow,10
fault_family,oil_gas_refinery/toxic_gas_alarm_uncertain,10
fault_family,pharma_bioreactor/contamination_suspected,10
fault_family,pharma_bioreactor/culture_temperature_high,10
fault_family,pharma_bioreactor/dissolved_oxygen_crash,10
fault_family,pharma_bioreactor/foam_alarm_antifoam_choice,10
fault_family,pharma_bioreactor/ph_drift_sensor_ambiguity,10
fault_family,pharma_bioreactor/vent_filter_blockage_pressure,10
fault_family,power_generation/boiler_drum_level_uncertain,10
fault_family,power_generation/fuel_gas_pressure_fluctuation,10
fault_family,power_generation/generator_hydrogen_leak,10
fault_family,power_generation/gt_exhaust_temp_high,10
fault_family,power_generation/gt_high_vibration,10
fault_family,power_generation/hrsg_pressure_high,10
severity,high,134
severity,low,143
severity,moderate,143
constraint_visibility,explicit,213
constraint_visibility,implicit,207
